{
  "version": 5,
  "created_at": "2025-05-28T17:59:41.165923",
  "metrics": {
    "mae": 8.762131944444445,
    "rmse": 9.383395540446374,
    "r2": -0.5379582859121206,
    "best_params": {
      "regressor__max_depth": null,
      "regressor__min_samples_split": 5,
      "regressor__n_estimators": 100
    }
  },
  "feature_importance": {
    "FilingType": 0.018782535653167485,
    "TaxYear": 0.0047689156541465775,
    "RefundAmountBucket": 0.024242878942321234,
    "GeographicRegion": 0.12816493652327848,
    "ProcessingCenter": 0.04717921652378154,
    "FilingPeriod": 0.010311772705259665,
    "SampleSize": 0.012586653794087707,
    "SuccessRate": 0.06846912765006681
  },
  "description": "Tax refund processing time prediction model"
}