{
  "model_id": "model-4",
  "version": 4,
  "created_at": "2025-05-30T12:04:32.835299",
  "algorithm": "RandomForestRegressor",
  "hyperparameters": {
    "regressor__max_depth": null,
    "regressor__min_samples_split": 5,
    "regressor__n_estimators": 50
  },
  "feature_list": [
    "FilingType",
    "TaxYear",
    "ClaimedRefundAmount",
    "GeographicRegion",
    "ProcessingCenter",
    "FilingPeriod",
    "RefundAmountBucket"
  ],
  "training_metrics": {
    "mae": 5.785178661616161,
    "rmse": 6.593355987599187,
    "r2": -0.1769162282019643,
    "accuracy_within_7_days": 0.625,
    "training_data_size": 61
  },
  "test_metrics": {
    "mae": 5.1596610722610725,
    "rmse": 7.032480327535631,
    "r2": -0.9139233574758385,
    "accuracy_within_3_days": 0.6,
    "accuracy_within_7_days": 0.6,
    "accuracy_within_14_days": 1.0,
    "sample_size": 5
  },
  "feature_importance": {
    "FilingType": 0.022688920289303614,
    "TaxYear": 0.005624845018846187,
    "ClaimedRefundAmount": 0.004604135073382797,
    "GeographicRegion": 0.048456315192493264,
    "ProcessingCenter": 0.004343381237469052,
    "FilingPeriod": 0.061866252585246306,
    "RefundAmountBucket": 0.010933799503980879
  },
  "description": "Tax refund processing time prediction model"
}