{
  "model_id": "model-10",
  "version": 10,
  "created_at": "2025-05-30T17:21:33.859085",
  "algorithm": "RandomForestRegressor",
  "hyperparameters": {
    "regressor__max_depth": null,
    "regressor__min_samples_split": 2,
    "regressor__n_estimators": 100
  },
  "feature_list": [
    "FilingType",
    "TaxYear",
    "ClaimedRefundAmount",
    "GeographicRegion",
    "ProcessingCenter",
    "FilingPeriod",
    "RefundAmountBucket"
  ],
  "training_metrics": {
    "mae": 7.331557351535513,
    "rmse": 10.505685949792632,
    "r2": 0.176954871213588,
    "accuracy_within_7_days": 0.6333333333333333,
    "training_data_size": 239
  },
  "test_metrics": {
    "mae": 6.110017686347128,
    "rmse": 8.910700875877982,
    "r2": 0.1650602922072143,
    "accuracy_within_3_days": 0.5185185185185185,
    "accuracy_within_7_days": 0.7037037037037037,
    "accuracy_within_14_days": 0.8888888888888888,
    "sample_size": 27
  },
  "feature_importance": {
    "FilingType": 0.00985258069678907,
    "TaxYear": 0.012301376461880594,
    "ClaimedRefundAmount": 0.008933142016275179,
    "GeographicRegion": 0.0334406062159244,
    "ProcessingCenter": 0.0058594959530596305,
    "FilingPeriod": 0.05183777977753885,
    "RefundAmountBucket": 0.009254406083449242
  },
  "description": "Tax refund processing time prediction model"
}