{
  "model_id": "model-7",
  "version": 7,
  "created_at": "2025-05-30T13:25:54.704265",
  "algorithm": "RandomForestRegressor",
  "hyperparameters": {
    "regressor__max_depth": null,
    "regressor__min_samples_split": 2,
    "regressor__n_estimators": 50
  },
  "feature_list": [
    "FilingType",
    "TaxYear",
    "ClaimedRefundAmount",
    "GeographicRegion",
    "ProcessingCenter",
    "FilingPeriod",
    "RefundAmountBucket"
  ],
  "training_metrics": {
    "mae": 9.540001626287399,
    "rmse": 12.47821259878487,
    "r2": 0.1573348725530601,
    "accuracy_within_7_days": 0.5555555555555556,
    "training_data_size": 149
  },
  "test_metrics": {
    "mae": 4.815372227669971,
    "rmse": 6.858107922249808,
    "r2": -0.2883751052185566,
    "accuracy_within_3_days": 0.5,
    "accuracy_within_7_days": 0.7777777777777778,
    "accuracy_within_14_days": 0.9444444444444444,
    "sample_size": 18
  },
  "feature_importance": {
    "FilingType": 0.009992752063997587,
    "TaxYear": 0.010985239535031829,
    "ClaimedRefundAmount": 0.010512438617209087,
    "GeographicRegion": 0.026394148322720853,
    "ProcessingCenter": 0.007283182368909226,
    "FilingPeriod": 0.04573665891019067,
    "RefundAmountBucket": 0.015004085476612158
  },
  "description": "Tax refund processing time prediction model"
}