{
  "model_id": "model-2",
  "version": 2,
  "created_at": "2025-05-29T21:44:32.569093",
  "algorithm": "RandomForestRegressor",
  "hyperparameters": {
    "regressor__max_depth": null,
    "regressor__min_samples_split": 5,
    "regressor__n_estimators": 50
  },
  "feature_list": [
    "FilingType",
    "TaxYear",
    "ClaimedRefundAmount",
    "GeographicRegion",
    "ProcessingCenter",
    "FilingPeriod",
    "RefundAmountBucket"
  ],
  "training_metrics": {
    "mae": 4.463208513708512,
    "rmse": 6.009855369355437,
    "r2": 0.21906245274442426,
    "accuracy_within_7_days": 0.5,
    "training_data_size": 31
  },
  "test_metrics": {
    "mae": 1.456539682539682,
    "rmse": 1.6276843136200387,
    "r2": 0.33766094379881584,
    "accuracy_within_3_days": 1.0,
    "accuracy_within_7_days": 1.0,
    "accuracy_within_14_days": 1.0,
    "sample_size": 2
  },
  "feature_importance": {
    "FilingType": 0.02126267434669578,
    "TaxYear": 0.019348886169159946,
    "ClaimedRefundAmount": 0.010240617181423066,
    "GeographicRegion": 0.012773638396030912,
    "ProcessingCenter": 0.008100258651306855,
    "FilingPeriod": 0.056594886741186096,
    "RefundAmountBucket": 0.015334649256393067
  },
  "description": "Tax refund processing time prediction model"
}