{
  "model_id": "model-1",
  "version": 1,
  "created_at": "2025-05-29T21:37:37.296732",
  "algorithm": "RandomForestRegressor",
  "hyperparameters": {
    "regressor__max_depth": null,
    "regressor__min_samples_split": 2,
    "regressor__n_estimators": 100
  },
  "feature_list": [
    "FilingType",
    "TaxYear",
    "ClaimedRefundAmount",
    "GeographicRegion",
    "ProcessingCenter",
    "FilingPeriod",
    "RefundAmountBucket"
  ],
  "training_metrics": {
    "mae": 7.425901439610549,
    "rmse": 9.50690270526561,
    "r2": 0.03842053223789288,
    "accuracy_within_7_days": 0.5217391304347826,
    "training_data_size": 175
  },
  "test_metrics": {
    "mae": 6.24513911035925,
    "rmse": 9.069311491622871,
    "r2": -0.06325071695683504,
    "accuracy_within_3_days": 0.5,
    "accuracy_within_7_days": 0.5833333333333334,
    "accuracy_within_14_days": 0.875,
    "sample_size": 24
  },
  "feature_importance": {
    "FilingType": 0.003345412273061154,
    "TaxYear": 0.0062631031706368075,
    "ClaimedRefundAmount": 0.008544541965532695,
    "GeographicRegion": 0.023237588210627592,
    "ProcessingCenter": 0.02079310389166802,
    "FilingPeriod": 0.03195012985710102,
    "RefundAmountBucket": 0.00592294218771681
  },
  "description": "Tax refund processing time prediction model"
}