{
  "model_id": "model-5",
  "version": 5,
  "created_at": "2025-05-30T12:05:25.418773",
  "algorithm": "RandomForestRegressor",
  "hyperparameters": {
    "regressor__max_depth": null,
    "regressor__min_samples_split": 2,
    "regressor__n_estimators": 50
  },
  "feature_list": [
    "FilingType",
    "TaxYear",
    "ClaimedRefundAmount",
    "GeographicRegion",
    "ProcessingCenter",
    "FilingPeriod",
    "RefundAmountBucket"
  ],
  "training_metrics": {
    "mae": 8.4620444999445,
    "rmse": 10.901677444314316,
    "r2": 0.03604046475892997,
    "accuracy_within_7_days": 0.5,
    "training_data_size": 93
  },
  "test_metrics": {
    "mae": 5.58280637578366,
    "rmse": 7.422988029972164,
    "r2": -2.352136960797568,
    "accuracy_within_3_days": 0.375,
    "accuracy_within_7_days": 0.625,
    "accuracy_within_14_days": 1.0,
    "sample_size": 8
  },
  "feature_importance": {
    "FilingType": 0.015961333876724968,
    "TaxYear": 0.0021475958408820953,
    "ClaimedRefundAmount": 0.00979579673823977,
    "GeographicRegion": 0.022877087570132293,
    "ProcessingCenter": 0.009360696785956494,
    "FilingPeriod": 0.04799354657525794,
    "RefundAmountBucket": 0.010045190854850098
  },
  "description": "Tax refund processing time prediction model"
}