{
  "model_id": "model-8",
  "version": 8,
  "created_at": "2025-05-30T16:57:24.544411",
  "algorithm": "RandomForestRegressor",
  "hyperparameters": {
    "regressor__max_depth": null,
    "regressor__min_samples_split": 2,
    "regressor__n_estimators": 50
  },
  "feature_list": [
    "FilingType",
    "TaxYear",
    "ClaimedRefundAmount",
    "GeographicRegion",
    "ProcessingCenter",
    "FilingPeriod",
    "RefundAmountBucket"
  ],
  "training_metrics": {
    "mae": 7.900543248864023,
    "rmse": 11.119572131636861,
    "r2": 0.2283753153194238,
    "accuracy_within_7_days": 0.5454545454545454,
    "training_data_size": 179
  },
  "test_metrics": {
    "mae": 5.871969374596093,
    "rmse": 8.571517583513549,
    "r2": -0.16725531143657846,
    "accuracy_within_3_days": 0.42857142857142855,
    "accuracy_within_7_days": 0.7142857142857143,
    "accuracy_within_14_days": 0.8571428571428571,
    "sample_size": 21
  },
  "feature_importance": {
    "FilingType": 0.0018440254733326543,
    "TaxYear": 0.008309030142576931,
    "ClaimedRefundAmount": 0.011822055477003804,
    "GeographicRegion": 0.023900871235359614,
    "ProcessingCenter": 0.004379637465506093,
    "FilingPeriod": 0.03974741936726204,
    "RefundAmountBucket": 0.01047238599795353
  },
  "description": "Tax refund processing time prediction model"
}