{
  "model_id": "model-11",
  "version": 11,
  "created_at": "2025-05-31T17:06:31.466882",
  "algorithm": "RandomForestRegressor",
  "hyperparameters": {
    "regressor__max_depth": 10,
    "regressor__min_samples_split": 2,
    "regressor__n_estimators": 100
  },
  "feature_list": [
    "FilingType",
    "TaxYear",
    "ClaimedRefundAmount",
    "GeographicRegion",
    "ProcessingCenter",
    "FilingPeriod",
    "RefundAmountBucket"
  ],
  "training_metrics": {
    "mae": 6.952872389593367,
    "rmse": 10.188578043264798,
    "r2": 0.2045371696331969,
    "accuracy_within_7_days": 0.65625,
    "training_data_size": 259
  },
  "test_metrics": {
    "mae": 6.288541956202618,
    "rmse": 9.095300123057008,
    "r2": 0.13436924164177355,
    "accuracy_within_3_days": 0.5,
    "accuracy_within_7_days": 0.7,
    "accuracy_within_14_days": 0.8666666666666667,
    "sample_size": 30
  },
  "feature_importance": {
    "FilingType": 0.01976399454036318,
    "TaxYear": 0.018633978311352068,
    "ClaimedRefundAmount": 0.007974183159645898,
    "GeographicRegion": 0.024237152647246133,
    "ProcessingCenter": 0.006270079006216925,
    "FilingPeriod": 0.03609138154155019,
    "RefundAmountBucket": 0.006382976217441797
  },
  "description": "Tax refund processing time prediction model"
}