{
  "model_id": "model-9",
  "version": 9,
  "created_at": "2025-05-30T17:02:54.707994",
  "algorithm": "RandomForestRegressor",
  "hyperparameters": {
    "regressor__max_depth": null,
    "regressor__min_samples_split": 2,
    "regressor__n_estimators": 100
  },
  "feature_list": [
    "FilingType",
    "TaxYear",
    "ClaimedRefundAmount",
    "GeographicRegion",
    "ProcessingCenter",
    "FilingPeriod",
    "RefundAmountBucket"
  ],
  "training_metrics": {
    "mae": 7.635552246956276,
    "rmse": 10.864784270240742,
    "r2": 0.20844998418241156,
    "accuracy_within_7_days": 0.64,
    "training_data_size": 209
  },
  "test_metrics": {
    "mae": 6.307345541676316,
    "rmse": 9.142780408529784,
    "r2": 0.16617688650532236,
    "accuracy_within_3_days": 0.52,
    "accuracy_within_7_days": 0.68,
    "accuracy_within_14_days": 0.88,
    "sample_size": 25
  },
  "feature_importance": {
    "FilingType": 0.00976482939325917,
    "TaxYear": 0.013874795839518391,
    "ClaimedRefundAmount": 0.012728859957640238,
    "GeographicRegion": 0.02815466492634598,
    "ProcessingCenter": 0.00704252557687908,
    "FilingPeriod": 0.04271077236606038,
    "RefundAmountBucket": 0.009108709809415218
  },
  "description": "Tax refund processing time prediction model"
}